owner,duration,startDate,amount
0xA77DE01e157f9f57C7c4A326eeE9C4874D0598b6,0,2025-12-06T00:00:00+00:00,20000000000000000000
0xfE1DcF6cA7F39D9c5e86cE18a61276d36B490319,0,2025-12-06T00:00:00+00:00,20000000000000000000
0xc9c61194682a3a5f56bf9cd5b59ee63028ab6041,0,2025-12-06T00:00:00+00:00,829000000000000000000
0x7ae88f6c7f47eae5656586ae9b5e759ffc0f903b,0,2025-12-06T00:00:00+00:00,416000000000000000000
0x2b93da0a6002876fb24ba960e5fdd4f9858ec328,0,2025-12-06T00:00:00+00:00,829000000000000000000
0x4d1c785f14b2465a167f53ebd004895d8ff33f97,0,2025-12-06T00:00:00+00:00,829000000000000000000
0xd26c85d435f02dab8b220cd4d2d398f6f646e235,0,2025-12-06T00:00:00+00:00,829000000000000000000
0xf950a86013baa227009771181a885e369e158da3,0,2025-12-06T00:00:00+00:00,829000000000000000000
0x5801ca3b46f958885510699d927df243e075c515,0,2025-12-06T00:00:00+00:00,829000000000000000000
0x3217b819ea2d25f1982bae5dd9c8fe4c6d546bfc,0,2025-12-06T00:00:00+00:00,829000000000000000000
0xb524735356985d2f267fa010d681f061dff03715,0,2025-12-06T00:00:00+00:00,829000000000000000000
0x9b33dd59fa401374f9213d591d0319a9d7e9d2cb,0,2025-12-06T00:00:00+00:00,829000000000000000000
0x1ca57cbf18ab08119acb4ca2517650ffc3ba6d40,0,2025-12-06T00:00:00+00:00,829000000000000000000
0x860a80d33e85e97888f1f0c75c6e5bbd60b48da9,0,2025-12-06T00:00:00+00:00,829000000000000000000
0x10a19e7ee7d7f8a52822f6817de8ea18204f2e4f,0,2025-12-06T00:00:00+00:00,829000000000000000000
0xe1a4cb40a1d672bb7901b646bb18eb7b70bd5952,0,2025-12-06T00:00:00+00:00,829000000000000000000
0x8dc250d5403ba72cbeaf0ac40f7c61c6db3a9a20,0,2025-12-06T00:00:00+00:00,829000000000000000000
0x751725ced1580d936fa12f6201a76fa02fcba5fd,0,2025-12-06T00:00:00+00:00,416000000000000000000
0x752af2bf9dbbc1105a83d2ca1ee8f1046d85b702,0,2025-12-06T00:00:00+00:00,829000000000000000000
0x4debdd6cee25b2f931d2fe265d70e1a533b02453,0,2025-12-06T00:00:00+00:00,829000000000000000000
0x651bbd829a7cbd32f35dfc099cbde1e04789393c,0,2025-12-06T00:00:00+00:00,829000000000000000000
0x1ed5b46a8c708425308bcf3239ff1a57e7cacd09,0,2025-12-06T00:00:00+00:00,416000000000000000000
0xcc2ca22aaefe22a0144a0260731a40a725affff0,0,2025-12-06T00:00:00+00:00,416000000000000000000
0x8c3fa50473065f1d90f186ca8ba1aa76aee409bb,0,2025-12-06T00:00:00+00:00,416000000000000000000
0x54e8fa3ebd666c48eb8f7e63b8253edb54d0c5e8,0,2025-12-06T00:00:00+00:00,829000000000000000000
0x48c1867617db920eb54d8a3aa094837785490770,0,2025-12-06T00:00:00+00:00,829000000000000000000
0xe7db0d2384587956ef9d47304e96236022cce3af,0,2025-12-06T00:00:00+00:00,416000000000000000000
0xd8e157b3866deff3d2a315c6e1f8f7a2e6c51612,0,2025-12-06T00:00:00+00:00,829000000000000000000
0x17d76b55efc331e83b48fe034420b47f6af8e6a8,0,2025-12-06T00:00:00+00:00,829000000000000000000
0x1d7e6ab3e26856d46403b105dffc1729e77f615a,0,2025-12-06T00:00:00+00:00,829000000000000000000
0xb020379b395f20b080b090b5d6676bc1670c581f,0,2025-12-06T00:00:00+00:00,829000000000000000000
0x15ecfc5b05f1db628f2cb7954cf9384146f3a180,0,2025-12-06T00:00:00+00:00,829000000000000000000
0xfcdc24dc393d611783d82d5228ca44d6c84b87a7,0,2025-12-06T00:00:00+00:00,416000000000000000000
0x5f4cfc9da95909d976b502de496bc3bacdfcb0a0,0,2025-12-06T00:00:00+00:00,829000000000000000000
0xa8752762470a6a73ac874258677043c226d080ec,0,2025-12-06T00:00:00+00:00,829000000000000000000
0xab4c505e70b9abed3527911b42d72611a604abb5,0,2025-12-06T00:00:00+00:00,829000000000000000000
0x6fce4c6cdd8c4e6c7486553d09bdd9aee61cf095,0,2025-12-06T00:00:00+00:00,416000000000000000000
0x1c21108d800807401405712582985b8d6b4865b7,0,2025-12-06T00:00:00+00:00,1242000000000000000000
0xc6b13d5e662fa0458f03995bcb824a1934aa895f,0,2025-12-06T00:00:00+00:00,829000000000000000000
0x1de591da043aa0b220f1dc6f05efd3df1d47bc52,0,2025-12-06T00:00:00+00:00,829000000000000000000
0xc9442e6eecd5389d73322e965cd3fa488aaeee20,0,2025-12-06T00:00:00+00:00,829000000000000000000
0x9e7234576a395a6b043fe994724f3ea0d48f5524,0,2025-12-06T00:00:00+00:00,1242000000000000000000
0xa9ce1ac7a895ce9847d903448515a84fdf95cfa2,0,2025-12-06T00:00:00+00:00,829000000000000000000
0x3557bd3d422300198719710cc3f00194e1c20a46,0,2025-12-06T00:00:00+00:00,829000000000000000000
0x02dd2834005c8147ba249d63f5c4629ed23aa487,0,2025-12-06T00:00:00+00:00,829000000000000000000
0x99a9b990a9a5ddfc15b7dea426f36f6ca73b0912,0,2025-12-06T00:00:00+00:00,829000000000000000000
0xc34714ebf3a5cc702aa46e1706f535ae5337e668,0,2025-12-06T00:00:00+00:00,416000000000000000000
0xbf0a7f14e0fa1b26beed70c12d2c12d9df8de466,0,2025-12-06T00:00:00+00:00,1242000000000000000000
0x0a9de008be40436f3dc1078aaec9b4786094f079,0,2025-12-06T00:00:00+00:00,829000000000000000000
0x5a236a7098a862fbf1c36524422577e03d430349,0,2025-12-06T00:00:00+00:00,416000000000000000000
0x47188c99f2c550bbd29078ccd463bccecc4b0b3c,0,2025-12-06T00:00:00+00:00,829000000000000000000
0x16fb2d3b2507291c24214f51b708a7987f78eadc,0,2025-12-06T00:00:00+00:00,416000000000000000000
0xba60bc169a2f111fc86618218ae1cb7169f59037,0,2025-12-06T00:00:00+00:00,829000000000000000000
0x8960b0185dca2941369d95b903e05a6ed60375ef,0,2025-12-06T00:00:00+00:00,416000000000000000000
0x63c0d4bcae2e01e40ca046db22a5c666bdab1f80,0,2025-12-06T00:00:00+00:00,829000000000000000000
0xa2ad0e0038b00e20e22c5acd1c12585a9c7a6175,0,2025-12-06T00:00:00+00:00,829000000000000000000
0x464bc183e39a00841f35a1dc571fcbcc9afb2b2b,0,2025-12-06T00:00:00+00:00,416000000000000000000
0x6f55f079ef42dd0c2daa2da2d78aaa86ea15924c,0,2025-12-06T00:00:00+00:00,829000000000000000000
0x4d540d0a975351dbfe82b3af77ac9e52eecb54f3,0,2025-12-06T00:00:00+00:00,829000000000000000000
0xa90ed750af40adf0edb8752e1fc753da0824b642,0,2025-12-06T00:00:00+00:00,829000000000000000000
0xb3bf81714f704720dcb0351ff0d42eca61b069fc,0,2025-12-06T00:00:00+00:00,416000000000000000000
0xa8b67ef7de304ef9f8d0f261d98c1e3068f24057,0,2025-12-06T00:00:00+00:00,829000000000000000000
0xfb6674968c95a5f3a65373ca4ea65c76bc90d83d,0,2025-12-06T00:00:00+00:00,829000000000000000000
0xd2c8dfa974a8f6a5d25a45aa3ebf35b58c059185,0,2025-12-06T00:00:00+00:00,829000000000000000000
0x934d9e056610ae7779f8c9a7e242e57a966d2c0a,0,2025-12-06T00:00:00+00:00,829000000000000000000
0x01e8cec73b020ab9f822fd0dee3aa4da2fe39e38,0,2025-12-06T00:00:00+00:00,1242000000000000000000
0x20aa39d56aed9b2d21f80a8a938b34dfcc4f8bc5,0,2025-12-06T00:00:00+00:00,829000000000000000000
0xa62c099fc7c69d74a845096334e903b24e4266d3,0,2025-12-06T00:00:00+00:00,829000000000000000000
0xdb22d2d37db92ea7fa6993c9f6ead55fbb1ef4ea,0,2025-12-06T00:00:00+00:00,829000000000000000000
0x07f765bb84433fd7877961188017f72b7fb81b18,0,2025-12-06T00:00:00+00:00,829000000000000000000
0x8e6dd6915f2f2d21a53789a3cc700e726a1aa304,0,2025-12-06T00:00:00+00:00,1242000000000000000000
0x8b41a064bac055f5b1cb2eeb7df15f960c13da81,0,2025-12-06T00:00:00+00:00,1242000000000000000000
0xa0c6134f9e9a35753fa1de0344ba44cb85f7bfb5,0,2025-12-06T00:00:00+00:00,1242000000000000000000
0x3bcba50ec74d18c583e0a832dd19ae37e9348790,0,2025-12-06T00:00:00+00:00,1242000000000000000000
0xd498fb8d9da6fcd64f9c0dd27e0b22c84eaa02f1,0,2025-12-06T00:00:00+00:00,1242000000000000000000
0x207349b59ef25c8aa0b488bb3105598288719d7b,0,2025-12-06T00:00:00+00:00,829000000000000000000
0x94b27b52e0a188c3d5c4be7e39d04094cbf1a5bf,0,2025-12-06T00:00:00+00:00,1242000000000000000000
0x0013cefc104698bb40d574e2ae6c822d5d52cff3,0,2025-12-06T00:00:00+00:00,1242000000000000000000
0x03066bd982d5113b2a6ed3b5168fc0ea529d82fb,0,2025-12-06T00:00:00+00:00,829000000000000000000
0x35c768203a4c4958ef2e2e47a9ff432e8acdb309,0,2025-12-06T00:00:00+00:00,829000000000000000000
0x24b712bd9df1a0140c5270d80b662223b0c90605,0,2025-12-06T00:00:00+00:00,829000000000000000000
0x252152a38b9a8d16f08b78574664f7d3f32e3de1,0,2025-12-06T00:00:00+00:00,829000000000000000000
0x470fde0de20c6590cae7036aa7dabe5dbe5d0fd6,0,2025-12-06T00:00:00+00:00,829000000000000000000
0xf912cfcab7f1cf82b431edb309d681a2a1ba2a22,0,2025-12-06T00:00:00+00:00,1242000000000000000000
0x4ae39142377f76e8f5327f1be0bb9fb70a119026,0,2025-12-06T00:00:00+00:00,829000000000000000000
0xa2b6590a6dc916fe317dcab169a18a5b87a5c3d5,0,2025-12-06T00:00:00+00:00,829000000000000000000
0xe34cb56e3aa4d064d4c8c83dfe3c5ee4bf11943c,0,2025-12-06T00:00:00+00:00,829000000000000000000
0x5d0c187f4e1a4c6f07fb41f16c0452c95de4eb9f,0,2025-12-06T00:00:00+00:00,829000000000000000000
0x8ee03eea321b87d7ee8e9e25220ab056afe3cd6a,0,2025-12-06T00:00:00+00:00,1242000000000000000000
0x2150cb38ee362bceac3d4a2704a82eeed02e93ec,0,2025-12-06T00:00:00+00:00,1242000000000000000000
0x9a3e0b9ce61cb7397e408eeffe1a8799f9ea736d,0,2025-12-06T00:00:00+00:00,829000000000000000000
0x069e4328a2e4494b74087eab57e2faf81452ab88,0,2025-12-06T00:00:00+00:00,416000000000000000000
0x7189b2ea41d406c5044865685fedb615626f9afd,0,2025-12-06T00:00:00+00:00,829000000000000000000
0xaab1779ab538d7c43094934c3e797e053660a981,0,2025-12-06T00:00:00+00:00,1242000000000000000000
0x25854e2a49a6cdaec7f0505b4179834509038549,0,2025-12-06T00:00:00+00:00,1242000000000000000000
0x7efb647e35e4f164596106148fa2baa1c0936f27,0,2025-12-06T00:00:00+00:00,416000000000000000000
0xff2ca9ccceda2f4eb79f9e4faca533575329d386,0,2025-12-06T00:00:00+00:00,829000000000000000000
0x1b9978c4197b468412d6008f68786964e63cf3f3,0,2025-12-06T00:00:00+00:00,416000000000000000000
0x660ec6b32c58f682e5d5c619758440e1357bd58c,0,2025-12-06T00:00:00+00:00,829000000000000000000
0xc0b5cdeecb650cb21f53f832f1c7bb7232681bd1,0,2025-12-06T00:00:00+00:00,1242000000000000000000
0xa8f0a7dc8695c2233d847c7e34719830cdfaa4e1,0,2025-12-06T00:00:00+00:00,416000000000000000000
0x574053576d2493cb3aa3a482e6e16ea7bb41c6f8,0,2025-12-06T00:00:00+00:00,829000000000000000000
0x8bd549c684af32d193069a96ed73ced4afe0b248,0,2025-12-06T00:00:00+00:00,416000000000000000000
0x06e3369b3dca0cb7c92f2d265a62e9bba31463e5,0,2025-12-06T00:00:00+00:00,829000000000000000000
0x3b640748d96c6ec3e0148d41a25a311042e5cd73,0,2025-12-06T00:00:00+00:00,829000000000000000000
0x3f06837af98972e66286fb57427fdb3821981e52,0,2025-12-06T00:00:00+00:00,829000000000000000000
0x1ec078551a5ac8f0f51fac57ffc48ea7d9a86e9d,0,2025-12-06T00:00:00+00:00,1242000000000000000000
0x90961a3d916ee866ec080a1a87cf322240ee51cc,0,2025-12-06T00:00:00+00:00,829000000000000000000
0xbc931f19195762a21f30e3dfd2e6fc759a509f06,0,2025-12-06T00:00:00+00:00,829000000000000000000
0x8e755608d135d2e7a6e99f6cd4eecdbed85542df,0,2025-12-06T00:00:00+00:00,829000000000000000000
0xc064c511db5982d35a5761577ce6b0ef1184487b,0,2025-12-06T00:00:00+00:00,829000000000000000000
0xcb35b49b19e9069bd4854113b7bf728f2e69f263,0,2025-12-06T00:00:00+00:00,1242000000000000000000
0xdfdd68892bbb6e1f3999d22bb26ff86596402c7c,0,2025-12-06T00:00:00+00:00,416000000000000000000
0xe97a915c207872e88cbb30f5c0466538bbe9bcab,0,2025-12-06T00:00:00+00:00,829000000000000000000
0x00e286b5256aa6cf252d5a8a5a7b8c20ec3bc4d5,0,2025-12-06T00:00:00+00:00,829000000000000000000
0x7a3569ba5b0d3cd81d17e8eb246505bf0a6cba10,0,2025-12-06T00:00:00+00:00,829000000000000000000
0x2dc8f69e1fa2214517500ac35f3361b95e06a3cb,0,2025-12-06T00:00:00+00:00,416000000000000000000
0xeb9fec1005f5d52df7bb18230adb7ac5a29180d4,0,2025-12-06T00:00:00+00:00,829000000000000000000
0xe7594d92f7be2e7e0645f0c43fd07ebd4aba2edd,0,2025-12-06T00:00:00+00:00,829000000000000000000
0xcc2688350d29623e2a0844cc8885f9050f0f6ed5,0,2025-12-06T00:00:00+00:00,829000000000000000000
0x2f1858b3f80fb642126664b9f275d0b7251f0507,0,2025-12-06T00:00:00+00:00,416000000000000000000
0xbf4739fa84b7516641283a52129250b9c2b9f1a5,0,2025-12-06T00:00:00+00:00,829000000000000000000
0xc08d1ba915daa96f2677158d28962d7c4da4cd80,0,2025-12-06T00:00:00+00:00,416000000000000000000
0xb341f86a30390048390d6ef118d0e08bbbb0fdef,0,2025-12-06T00:00:00+00:00,416000000000000000000
0xd4bad6e7887110081aa8ee9e16c9341890cae7e5,0,2025-12-06T00:00:00+00:00,829000000000000000000
0x7a75e85d6d3f0b6d7363a5d7f23adc25101131e7,0,2025-12-06T00:00:00+00:00,829000000000000000000
0xcadde3bc95d856bd016206562d7e4157e102d9ab,0,2025-12-06T00:00:00+00:00,829000000000000000000
0x10e94339279adcdcf0ceecbefd9da342e634a5f5,0,2025-12-06T00:00:00+00:00,416000000000000000000
0xf3b86f885fe80b6b03d006d180f938814bc47be3,0,2025-12-06T00:00:00+00:00,1242000000000000000000
0x882014e55cc1362664602b649cdde4d7335207c1,0,2025-12-06T00:00:00+00:00,416000000000000000000
0x34a52906582e7a3f597cfad98fd5302fa5938044,0,2025-12-06T00:00:00+00:00,416000000000000000000
0x366fed46230fde6b2ba735c9f13f887f3eb38626,0,2025-12-06T00:00:00+00:00,416000000000000000000
0xf85f09211a31ec672b8babf00fc0dc82f2eef1f6,0,2025-12-06T00:00:00+00:00,416000000000000000000
0x7aac289059a108d9fccaa9dafa17811626109bf9,0,2025-12-06T00:00:00+00:00,416000000000000000000
0xeaef0befb9525bed3563c73bbc5ffd47761514cb,0,2025-12-06T00:00:00+00:00,829000000000000000000
0x6d2a57a541a0aa4029803b97597ce6cfe7a874e8,0,2025-12-06T00:00:00+00:00,416000000000000000000
0x841cec63ce438c4b1d7f6c6edefe1d3f9a113191,0,2025-12-06T00:00:00+00:00,416000000000000000000
0xbe0f97791a74001639a4d5756dccd3ffc18c8a4f,0,2025-12-06T00:00:00+00:00,829000000000000000000
0xb09d6caf0b7d8d00b21ceb362084292cc36f76da,0,2025-12-06T00:00:00+00:00,416000000000000000000
0x3b7de6feb4821ec1b0fe33e1121e2802fe9aa0bd,0,2025-12-06T00:00:00+00:00,829000000000000000000
0xe7613dcc66d46164994a92b7922133376770040a,0,2025-12-06T00:00:00+00:00,829000000000000000000
0x720d71822e5a128ea015323e9c2da40ddabe8e08,0,2025-12-06T00:00:00+00:00,416000000000000000000
0x4a96ad63ea62c4b1d57f2404258bcd96110d5d54,0,2025-12-06T00:00:00+00:00,416000000000000000000
0x12b826fe1760a98d059f7efeae43fb6c66950067,0,2025-12-06T00:00:00+00:00,416000000000000000000
0x7d55bf8a2b0e4c64f646a2cd29ac0a9f6035cdf8,0,2025-12-06T00:00:00+00:00,416000000000000000000
0x6af9f3f5aec4d19c6a18efbdf4053789c9ebfa72,0,2025-12-06T00:00:00+00:00,416000000000000000000
0x35075b0edb23c7aa30894c7f335b81161fe92346,0,2025-12-06T00:00:00+00:00,416000000000000000000
0xdd35da8ca48840afccd1096c993b5abf2bebdc11,0,2025-12-06T00:00:00+00:00,416000000000000000000
0x01c65807aede436e6267097b3871c27a9e5cb44a,0,2025-12-06T00:00:00+00:00,829000000000000000000
0x3d004b6e0064ef113ec7f6eb9271b24e12e2ce96,0,2025-12-06T00:00:00+00:00,416000000000000000000
0xacb0772e48814baa7e7027f30411b06bcbd29e42,0,2025-12-06T00:00:00+00:00,416000000000000000000
0xce83029264f690ff63ff2df33fd8ec15716c6d93,0,2025-12-06T00:00:00+00:00,416000000000000000000
0x2d2311a41da69f217b4067ce0c72ec447c7e954c,0,2025-12-06T00:00:00+00:00,416000000000000000000
0x6c48814701c98f0d24b1b891fac254a817aadfdf,0,2025-12-06T00:00:00+00:00,416000000000000000000
0x6a6803c44b95d67f07dd9990a9e95ca6a20f323f,0,2025-12-06T00:00:00+00:00,416000000000000000000
0x0470fa7a2809f331b0b945b369faec5cbaa7c270,0,2025-12-06T00:00:00+00:00,416000000000000000000
0x510171fcd9b0614e3b33c093b3776a616c00cc18,0,2025-12-06T00:00:00+00:00,416000000000000000000
0x98b8d3c0fa0959a31fe0abb9c7d90963976bc988,0,2025-12-06T00:00:00+00:00,416000000000000000000
0xb656112e5c6d511f339180816fa89c1a177c7c25,0,2025-12-06T00:00:00+00:00,416000000000000000000
0x70e469e0928bcc6aa543df8dba441930c3c5dcdc,0,2025-12-06T00:00:00+00:00,416000000000000000000
0xbaed5a2e8a9c3f2daa7332a90fea69f775ba9c80,0,2025-12-06T00:00:00+00:00,416000000000000000000
0xe8a9baff58a3eeb27bb823843acdae5b878e7d9c,0,2025-12-06T00:00:00+00:00,416000000000000000000
0xfb6926e3c3e5e854daefbaf3c7420551a8edccc9,0,2025-12-06T00:00:00+00:00,416000000000000000000
0xd9c3af697f87d1ab5149950e0124aac17e973932,0,2025-12-06T00:00:00+00:00,416000000000000000000
0x743cc7158d237688cee655cac835f7a4f096cf7b,0,2025-12-06T00:00:00+00:00,416000000000000000000
0x33d0184a86ec24fbdebe188d9270d95b53fe7fff,0,2025-12-06T00:00:00+00:00,416000000000000000000
0x1897e31974a5b57742cf9490690a7f596740e8c0,0,2025-12-06T00:00:00+00:00,416000000000000000000
0x8534d7391e7494fbb2fa276fa67aca587dc0d902,0,2025-12-06T00:00:00+00:00,416000000000000000000
0xac68d34dabac6c9f4c33c03edff899660e7d363b,0,2025-12-06T00:00:00+00:00,416000000000000000000
0x66ca70f1a348bdc66bb201e09eae4009d1d1e7e8,0,2025-12-06T00:00:00+00:00,829000000000000000000
0x3eb819da70622ee440d1aca68e0caa7c71d4600e,0,2025-12-06T00:00:00+00:00,416000000000000000000
0x75dcd9aa6db7f53fef3f8ed7239f4600a9efaa33,0,2025-12-06T00:00:00+00:00,416000000000000000000
0x4db1789a4f162dfadcaeab89a330a63c17d3130a,0,2025-12-06T00:00:00+00:00,416000000000000000000
0xc5aca2a9fd3486232084314959ebf583cadeed05,0,2025-12-06T00:00:00+00:00,416000000000000000000
0x3d928e0907d590c2a8d1e6cbc1831ef444044675,0,2025-12-06T00:00:00+00:00,416000000000000000000
0x298fc1300f7ab55ada6451b62c3859963d6f5638,0,2025-12-06T00:00:00+00:00,416000000000000000000
0xf1a64fb69bf7d9c262e2458ec956c42c421776d9,0,2025-12-06T00:00:00+00:00,416000000000000000000
0x4759d3d01d8e9378fa5b58fc559d7cbc79f67b12,0,2025-12-06T00:00:00+00:00,416000000000000000000
0x8a52ec8d4b53ad4e6f133427a98fb69a042fd386,0,2025-12-06T00:00:00+00:00,416000000000000000000
0x97e1692d76a162786192f33ede23091abe7b8ad4,0,2025-12-06T00:00:00+00:00,416000000000000000000
0x6ed50b7908ce5ed0901d27ae3c7dc556dc036b4e,0,2025-12-06T00:00:00+00:00,416000000000000000000
0x1247cd87961c0b5dc02a3852d3886ec9e53f7670,0,2025-12-06T00:00:00+00:00,416000000000000000000
0xcf2cbbf0158d3e839f688b2a6e29e3e0376e7194,0,2025-12-06T00:00:00+00:00,416000000000000000000
0x30ca1bf133ef9546dba2e073f4841a2bea5fc06b,0,2025-12-06T00:00:00+00:00,416000000000000000000
0x0bde0f2af5f99d2c8056db96ea662650a756c38d,0,2025-12-06T00:00:00+00:00,416000000000000000000
0xb0433208f66be5130275252068d15f487f89b209,0,2025-12-06T00:00:00+00:00,416000000000000000000
0x44513a31ca10750f1ff4b7bdaf00591c183802a2,0,2025-12-06T00:00:00+00:00,416000000000000000000
0x008f392bb57fa0b25e988e732cc1250f97957326,0,2025-12-06T00:00:00+00:00,416000000000000000000
0xacdd794c102b6a7393ca8dd51ba8daee3257a30e,0,2025-12-06T00:00:00+00:00,416000000000000000000
0x9aeb873e21b983939488b8b8102438f81cd6307a,0,2025-12-06T00:00:00+00:00,416000000000000000000
0xa25fd15dfb1ec4997aeb080f5c9672f1fd8f7630,0,2025-12-06T00:00:00+00:00,416000000000000000000
0xc1f87ce51394766219b40772e5480ac49c951ba3,0,2025-12-06T00:00:00+00:00,416000000000000000000
0x6df94bd25101a724b9d9142cca4aee2663b3621f,0,2025-12-06T00:00:00+00:00,416000000000000000000
0xeb3816137f7fbedd6989d96f5bee623360dee42a,0,2025-12-06T00:00:00+00:00,416000000000000000000
0xc1894f02a5e04e0c60561f892f003121a2798169,0,2025-12-06T00:00:00+00:00,416000000000000000000
0xc486fc963c3f43fecdd381f2f42df0020843e625,0,2025-12-06T00:00:00+00:00,416000000000000000000
0x07ad6095e72920d8a8273b50a7f23ab5a35469ae,0,2025-12-06T00:00:00+00:00,416000000000000000000
0x7f00e43fa90b2a8879fbed3ae38b1546881039fa,0,2025-12-06T00:00:00+00:00,416000000000000000000
0x41dde2dc7f718d5f764fc97e8d122864587642d4,0,2025-12-06T00:00:00+00:00,416000000000000000000
0x08a91763c53c528fe1e453d3e4503f3ddef3714a,0,2025-12-06T00:00:00+00:00,416000000000000000000
0x15c8c68682010ae106f818a8d7113323556c6041,0,2025-12-06T00:00:00+00:00,829000000000000000000
0x3706c5fbe1d3f9d8e1da3c0989ecff4cb84be4c8,0,2025-12-06T00:00:00+00:00,416000000000000000000
0xdd244addae453b32957429b66b3554b452b49467,0,2025-12-06T00:00:00+00:00,416000000000000000000
0x2afed8566d48e77107e999bdd33e403fc91c9d0b,0,2025-12-06T00:00:00+00:00,416000000000000000000
0x3eb3e185f47a6179415af3397fd6461fe4ef8b36,0,2025-12-06T00:00:00+00:00,416000000000000000000
0x174d2b706a4a19ea19d60f54bfad9036f9cf5ba0,0,2025-12-06T00:00:00+00:00,416000000000000000000
0xa882335faf916809867ce8e0a41ad4478c21df9f,0,2025-12-06T00:00:00+00:00,416000000000000000000
0xc8d55ab0eac438e9839fe4732f890e05acbd0fae,0,2025-12-06T00:00:00+00:00,416000000000000000000
0x17e9dec9f8fc84659b9afff92546edc44a0487c0,0,2025-12-06T00:00:00+00:00,416000000000000000000
0x9b1856d9e00dd107256ad5d7574e7be7514a602d,0,2025-12-06T00:00:00+00:00,416000000000000000000
0x3baf70b3d5079d8654c16b777c3e4e16d9071579,0,2025-12-06T00:00:00+00:00,416000000000000000000
0xaf909e89c884e2504a4797c217f68930f5d66848,0,2025-12-06T00:00:00+00:00,416000000000000000000
0x15827906feff635d0d9fecf0e9a94a288e830168,0,2025-12-06T00:00:00+00:00,416000000000000000000
0xe1488ee61fe7c769f667414de84b7a8e9e037d95,0,2025-12-06T00:00:00+00:00,416000000000000000000
0xd4fbcc485a8b6ecb7dbbc579f6fc7aec8126dce8,0,2025-12-06T00:00:00+00:00,416000000000000000000
0x44b622999365f3aac4268a5e5516f949f2b1aee8,0,2025-12-06T00:00:00+00:00,416000000000000000000
0x7f935de8d22d4da9bf320010c4f7650adc4e8591,0,2025-12-06T00:00:00+00:00,416000000000000000000
0xbc80f33fb91814f6484002589805314d867a7c8c,0,2025-12-06T00:00:00+00:00,416000000000000000000
0xbed63b9733f4393a587df91188412dab7e28a3aa,0,2025-12-06T00:00:00+00:00,416000000000000000000
0x1d9b45ea17009a4b36cd69863f0b0a0da990a741,0,2025-12-06T00:00:00+00:00,416000000000000000000
0xef01ad922f8b7a5d952bf0b9f98e06df5b75e11c,0,2025-12-06T00:00:00+00:00,416000000000000000000
0x0df4033b772cb3f1700c14a8ab472f5840f63373,0,2025-12-06T00:00:00+00:00,416000000000000000000
0xf8e6dbec30288abf6ab17d16b05ae004f0e2faa1,0,2025-12-06T00:00:00+00:00,416000000000000000000
0xe329d5577c2ede76a9df84dd548253a2f0ccc211,0,2025-12-06T00:00:00+00:00,416000000000000000000
0x083a23d746e59e1e7fdf9225cfdbdbef022d18aa,0,2025-12-06T00:00:00+00:00,416000000000000000000
0xda3af6c8efef24c14a2bcc922202e4d922a775d8,0,2025-12-06T00:00:00+00:00,416000000000000000000
0xca98274126ff6737f4853a4b4f781d71802d3d22,0,2025-12-06T00:00:00+00:00,416000000000000000000
0x47d55847bfaba8dc5c2954257378f621a9154ce4,0,2025-12-06T00:00:00+00:00,829000000000000000000
0x372d29c978f9fb10c28563557dbb65b61a08ae49,0,2025-12-06T00:00:00+00:00,416000000000000000000
0x2cdee69020c9072b8936b3f42550caca97f379d3,0,2025-12-06T00:00:00+00:00,416000000000000000000
0x0c85a23a5b0d19f8e1a6ed8aff869a17710d2bc3,0,2025-12-06T00:00:00+00:00,416000000000000000000
0x04df798edade87d112a9b89e671f991a0661a24e,0,2025-12-06T00:00:00+00:00,416000000000000000000
0x7ee7476cc55853ad32a41c780edc75ea229a3ece,0,2025-12-06T00:00:00+00:00,416000000000000000000
0xa4e097962c395b27399b326f16ed4d9466138aa9,0,2025-12-06T00:00:00+00:00,416000000000000000000
0xb32db0cd76c7910dc3aed618e6bad553a5c51079,0,2025-12-06T00:00:00+00:00,416000000000000000000
0x96fd0a6d44e6c14ee72d3f43829bbdce8ecd97c6,0,2025-12-06T00:00:00+00:00,416000000000000000000
0x1d7041d90f78d4e494e1fab6b022a11ca8549d56,0,2025-12-06T00:00:00+00:00,416000000000000000000
0xc22ca6bbb5b042a58e47d96752a472780ff2c2e3,0,2025-12-06T00:00:00+00:00,416000000000000000000
0xb023d6b20e7dd624dd2fde1bb7358eeb606c2263,0,2025-12-06T00:00:00+00:00,416000000000000000000
0x892f44d5bf00865ac91b8275168cd5d56ae84523,0,2025-12-06T00:00:00+00:00,416000000000000000000
0x92572c063a55522de6fd7b0f146f5b2b33d695e2,0,2025-12-06T00:00:00+00:00,416000000000000000000
0xbab9b1729c4054ccfdf76017664a5bd95482160a,0,2025-12-06T00:00:00+00:00,416000000000000000000
0x13d201a249e0b92ff37f2804b3b14900ac4b2b56,0,2025-12-06T00:00:00+00:00,416000000000000000000
0xff790deb32cfd908c94eb71299fd8d86a059a409,0,2025-12-06T00:00:00+00:00,416000000000000000000
0xccbde236064a10cb16a3fb7db1551bdf8c414779,0,2025-12-06T00:00:00+00:00,416000000000000000000
0x9912682e939d0fdafa5c25cfcbffeb0266246e48,0,2025-12-06T00:00:00+00:00,416000000000000000000
0x430ab04b311f18298867b40f42aee13f6f8044e7,0,2025-12-06T00:00:00+00:00,416000000000000000000
0x748b3e02093b1e9464d77593f69fe337d3e2ac88,0,2025-12-06T00:00:00+00:00,416000000000000000000
0x5ce95bff1297dadbdcf9929a10bd02bdfab0dcc6,0,2025-12-06T00:00:00+00:00,416000000000000000000
0xcfcad01e96553737277afb284253ab6b86ac52f4,0,2025-12-06T00:00:00+00:00,416000000000000000000
0x89e7ce08b1db4c4bb3dc3d5e9fad4073247b51fc,0,2025-12-06T00:00:00+00:00,416000000000000000000
0xeffb6ec68373663cff3bd5b7c8c1ec5967c0b14d,0,2025-12-06T00:00:00+00:00,416000000000000000000
0xede1ea333f6ba14e03264ec490f0d42bdddf5cff,0,2025-12-06T00:00:00+00:00,416000000000000000000
0x23fcbebc3771cdbd6c9e46ebeaa0fbd04a805239,0,2025-12-06T00:00:00+00:00,416000000000000000000
0xb9fd5a298581586fd7b7c365ca5f1c10aef0b8a8,0,2025-12-06T00:00:00+00:00,416000000000000000000
0xde57d86a17b05119b93f1520824096d348578662,0,2025-12-06T00:00:00+00:00,416000000000000000000
0x4e27e41df46b2f7d9dd2c7a3afeed27e728ac2b2,0,2025-12-06T00:00:00+00:00,416000000000000000000
0x14d195257330ee68838f7e18294b184340bc601f,0,2025-12-06T00:00:00+00:00,416000000000000000000
0xf0b4aba704725c64a60ec87af17186d2b46a4fb5,0,2025-12-06T00:00:00+00:00,416000000000000000000
0x6080546fddbaba994569643c056257e3e007485e,0,2025-12-06T00:00:00+00:00,416000000000000000000
0x9e3e236a726aadac1d62279e8b9e2a25eb3ba1cd,0,2025-12-06T00:00:00+00:00,416000000000000000000
0x85231662bfbaaf7877a42fb7f250cddc6a1a705d,0,2025-12-06T00:00:00+00:00,416000000000000000000
0x13db494c1756515824507b0a92b7df616d756417,0,2025-12-06T00:00:00+00:00,416000000000000000000
0x71aeb70cfbefc0949d31dfa066d7ca5aeda889e3,0,2025-12-06T00:00:00+00:00,416000000000000000000
0xd3581888a0890fb3270f8349588f3f4cc25fb2c9,0,2025-12-06T00:00:00+00:00,416000000000000000000
0x6681e50f33f7fad9201a48f8d435668586c27c95,0,2025-12-06T00:00:00+00:00,416000000000000000000
0x235949218b1bf7cd95aaee50208cdd13e3cb15cd,0,2025-12-06T00:00:00+00:00,416000000000000000000
0x734961f9931e7120b987daf02034bbc2833e71a0,0,2025-12-06T00:00:00+00:00,416000000000000000000
0xd92e70aebaf48ffd74bc92da80a535e4557788b2,0,2025-12-06T00:00:00+00:00,416000000000000000000
0xb11d9ba961abcc7b44caf094984fd30f43b29cfd,0,2025-12-06T00:00:00+00:00,416000000000000000000
0x129425f5d3455fc73ab4b7d1db0147f19a260625,0,2025-12-06T00:00:00+00:00,416000000000000000000
0xf1e54da29f9dc210887028c665fd67cbbb7927c4,0,2025-12-06T00:00:00+00:00,416000000000000000000
0xc3afd167a7adaf9358290b2fa920a4ebf7e1af14,0,2025-12-06T00:00:00+00:00,416000000000000000000
0xf585800a4182e5c21abad86308b22a315ae8991a,0,2025-12-06T00:00:00+00:00,416000000000000000000
0x490b23abbf90797830799f78fad420cf88ece81e,0,2025-12-06T00:00:00+00:00,416000000000000000000
0x4db20c273751b9ea4c654d9a1dd6e27765d03031,0,2025-12-06T00:00:00+00:00,416000000000000000000
0xb099aef778f91dd93d77d7785088ad9eadb2edef,0,2025-12-06T00:00:00+00:00,416000000000000000000
0x3aaa41c14d86ea80d9b8e3a09ed3b21e9d786dab,0,2025-12-06T00:00:00+00:00,416000000000000000000
0x2c464296bb776f9d864185d4b18f43d07a3f785c,0,2025-12-06T00:00:00+00:00,416000000000000000000
0x60ae1cdf26a9f0062e74b01cd87629f216f8c6fc,0,2025-12-06T00:00:00+00:00,416000000000000000000
0x7e114d4c0acc9c3b32263f1a18f72f7bbb4a2a88,0,2025-12-06T00:00:00+00:00,416000000000000000000
0x567d220b0169836cbf351df70a9c517096ec9de7,0,2025-12-06T00:00:00+00:00,416000000000000000000
0x700abbd6412c1f749a18657c124c5c43b9a4d960,0,2025-12-06T00:00:00+00:00,416000000000000000000
0x713393c6bf63d277ef22803105ff2343e5c5a3da,0,2025-12-06T00:00:00+00:00,416000000000000000000
0xd7949d974d8f1232ce20329ffc90c81557a6bf3b,0,2025-12-06T00:00:00+00:00,416000000000000000000
0xc60b40dd794cb1cc545429862941f11136967b25,0,2025-12-06T00:00:00+00:00,416000000000000000000
0x362c0327645beb18922c87a52b0ac103cd3705d2,0,2025-12-06T00:00:00+00:00,416000000000000000000
0x54d51174a2ff27c2590ec2fa754eb8398903a8ce,0,2025-12-06T00:00:00+00:00,416000000000000000000
0x531eb60b2dde9a841ba358ee033533aaf90d1fea,0,2025-12-06T00:00:00+00:00,416000000000000000000
0x07b91cb28b4fcb4b1109459d1c76bf436a58de70,0,2025-12-06T00:00:00+00:00,416000000000000000000
0x21910d81069498abfc90110a0fbcdcd4f3cdfd86,0,2025-12-06T00:00:00+00:00,416000000000000000000
0xd86c099e2c1881ae144b6ac592008a33116690df,0,2025-12-06T00:00:00+00:00,416000000000000000000
0x2cb22c72c51801e6bc4c7808bdc81715ac481011,0,2025-12-06T00:00:00+00:00,416000000000000000000
0x1a4fe7938bfaa7a5fdab70c51f936c9ca2b3f2b8,0,2025-12-06T00:00:00+00:00,416000000000000000000
0x205e671bf61e4c19716027290485b72a3af5d018,0,2025-12-06T00:00:00+00:00,416000000000000000000
0xc2c28fc42dd8591ed53b30189d83cdcc6a87bec8,0,2025-12-06T00:00:00+00:00,416000000000000000000
0xd5ae07958d5eaf637b3fd8089a97325b7834bb6c,0,2025-12-06T00:00:00+00:00,416000000000000000000
0xe5d2c3eb042ad8c577f70832525656a37749a7f7,0,2025-12-06T00:00:00+00:00,416000000000000000000
0x9cdc82acfc02261f4d1f9adbe7bfee18cf4d42fa,0,2025-12-06T00:00:00+00:00,416000000000000000000
0x195698c10aa4cdb2b6c06407b8dcf932202a5a9a,0,2025-12-06T00:00:00+00:00,416000000000000000000
0xc7da6f88863fcc8aa0d6c48eafb78bad74ce5d2c,0,2025-12-06T00:00:00+00:00,416000000000000000000
0x633e7f4a8047d958f95f9043745d45c6a1ab482e,0,2025-12-06T00:00:00+00:00,416000000000000000000
0xc75adbf2a5a6a51302c1c7cc789366ed16e1e0f3,0,2025-12-06T00:00:00+00:00,416000000000000000000
0xd172bd625a2ee9b10f2451e0b6351e4aa0c96390,0,2025-12-06T00:00:00+00:00,416000000000000000000
0xcbb8a35b98d35aedc406adca611962fc0c6b2832,0,2025-12-06T00:00:00+00:00,416000000000000000000
0x129f35cda830ea48b343a48728c2e384ca956776,0,2025-12-06T00:00:00+00:00,416000000000000000000
0x5b9d9135d8c09ef68814091485cba3995cb8561f,0,2025-12-06T00:00:00+00:00,416000000000000000000
0x58c0f7188b0ec787ac7648c380f0ff2ca3a8ba91,0,2025-12-06T00:00:00+00:00,416000000000000000000
0xdea40f4f022ab2f5b66a3db08701d6123dbea20d,0,2025-12-06T00:00:00+00:00,416000000000000000000
0x59f978a4fa6b9c5dc1e62b7029c367244f834cbe,0,2025-12-06T00:00:00+00:00,416000000000000000000
0xd32e46eb8f5f7e2d89da68ac7abf96ab186ebd3f,0,2025-12-06T00:00:00+00:00,416000000000000000000
0xd85872db2628c55591e7bfbe4349058b53facb97,0,2025-12-06T00:00:00+00:00,416000000000000000000
0xe0fcb227bed3afd551e176687c8795e9f181f8fe,0,2025-12-06T00:00:00+00:00,416000000000000000000
0xad2864172216de37e4f278fdc9b8a3b73c3bee6a,0,2025-12-06T00:00:00+00:00,416000000000000000000
0x5764d132e0603bd0d9f9ec95ee5e360c52e8631a,0,2025-12-06T00:00:00+00:00,416000000000000000000
0x01c340fb72ed14d4eaa71f7633ee9e33b88d4f39,0,2025-12-06T00:00:00+00:00,416000000000000000000
0xc208f4676b4bbf287f2acf87815a3ba7b49035a7,0,2025-12-06T00:00:00+00:00,416000000000000000000
0xc96bf2232acd5d41375e98c4e418a50621f31822,0,2025-12-06T00:00:00+00:00,416000000000000000000
0xed3aa99bb1c5215f619d01030ba89166997d54fa,0,2025-12-06T00:00:00+00:00,416000000000000000000
0x3d253847487ab5deed609301078dd3a45996af62,0,2025-12-06T00:00:00+00:00,416000000000000000000
0x6ba5ea5b5bbc2d99fdfb82bc7dd75b025563d047,0,2025-12-06T00:00:00+00:00,416000000000000000000
0xb701d8c4cfba7a3c5b9bbdad02bf63471ccd2f17,0,2025-12-06T00:00:00+00:00,416000000000000000000
0xf15e4633e7c3a530fb56179c08dc1d6fe604ef9e,0,2025-12-06T00:00:00+00:00,416000000000000000000
0xc89825e888143201f25b0a4a67d4078705182c6d,0,2025-12-06T00:00:00+00:00,416000000000000000000
0xd18a06e254ee7416e4ac44b7eeb22630056a3a59,0,2025-12-06T00:00:00+00:00,416000000000000000000
0x0240539ec9ec47a9d0dd4c5bc37435093a3c19a2,0,2025-12-06T00:00:00+00:00,416000000000000000000
0xd0420f29e10504dceade46382f838ad4b98056e4,0,2025-12-06T00:00:00+00:00,416000000000000000000
0xdd8e0c5f3a4a1c81bf023759cd613c8ecea4d522,0,2025-12-06T00:00:00+00:00,416000000000000000000
0x070b8d1f8b63eba95db31c8e85ba536b3474b113,0,2025-12-06T00:00:00+00:00,416000000000000000000
0xb048405efb54e8dce9b9e49eef20acda2a9632d9,0,2025-12-06T00:00:00+00:00,416000000000000000000
0x6f8b70404880861a4b6d42893126fbc726f6d361,0,2025-12-06T00:00:00+00:00,416000000000000000000
0x2571b97fad74ea2073fff07abb0f3bff73c95e03,0,2025-12-06T00:00:00+00:00,416000000000000000000
0x0fb80fb1133b59d899bdbf29f3665a225ea75651,0,2025-12-06T00:00:00+00:00,416000000000000000000
0x52689b593e4b53feb43ae1cd1306cb987bd9372e,0,2025-12-06T00:00:00+00:00,416000000000000000000
0x3833a533f811a20b30b9694e8045ea575c0ae1f6,0,2025-12-06T00:00:00+00:00,416000000000000000000
0x02e1c80a8113b2d53f7816ac1da051d78b13f0c9,0,2025-12-06T00:00:00+00:00,416000000000000000000
0xfeaec7c01e52d81ce25b044ed089a820ce17bccb,0,2025-12-06T00:00:00+00:00,416000000000000000000
0x203ef75d653e35dcf8ba6767a4ad8afad3879f43,0,2025-12-06T00:00:00+00:00,416000000000000000000
0xca775d361548c6b2904a64344023cfeaff0bd77e,0,2025-12-06T00:00:00+00:00,416000000000000000000
0x19ec9d0d614a19dd6875f9ea8eef4e17d6c5ff75,0,2025-12-06T00:00:00+00:00,416000000000000000000
0x7674d60760918ae89ca71f2ce1af2b2e740e2c8e,0,2025-12-06T00:00:00+00:00,416000000000000000000
0xd947fc159f7de93ddb4ac7afaf8601908962f88d,0,2025-12-06T00:00:00+00:00,416000000000000000000
0xd2f75c89daa9fbf469ec11e8aee102a43a183545,0,2025-12-06T00:00:00+00:00,416000000000000000000
0x4069ccdd9e25d9e106eca36561b2f6d787425110,0,2025-12-06T00:00:00+00:00,416000000000000000000
0x5a25704c9b4d3d9dff2518ed754b9519961b2bac,0,2025-12-06T00:00:00+00:00,416000000000000000000
0x55be2a08954778744ae0b92e7344e126c6104eb2,0,2025-12-06T00:00:00+00:00,416000000000000000000
0x5dac40202a17371821fe1984c70c04e10a617382,0,2025-12-06T00:00:00+00:00,416000000000000000000
0x2fa7bf2769794c4e06785139f12ea1fae13f849a,0,2025-12-06T00:00:00+00:00,416000000000000000000
0xc98499cc38659b142d2ca14dbb71a7905218bd7b,0,2025-12-06T00:00:00+00:00,416000000000000000000
0xa063cb7cfd8e57c30c788a0572cbbf2129ae56b6,0,2025-12-06T00:00:00+00:00,416000000000000000000
0xe686af613e86a0e381a3e598e1f76e89e9dc1711,0,2025-12-06T00:00:00+00:00,416000000000000000000
0xb81541fea9417facf0e86f521393301c871bbe49,0,2025-12-06T00:00:00+00:00,416000000000000000000
0x06be4e97d77e43cfe40f57bbc6d7dd8554f87184,0,2025-12-06T00:00:00+00:00,416000000000000000000
0x8435233bbadbb63aaf78f86ccabf4505b25edd68,0,2025-12-06T00:00:00+00:00,416000000000000000000
0x9234e442ed4df8bb53ea2d05311241d8ec522499,0,2025-12-06T00:00:00+00:00,416000000000000000000
0x84ef675826436f67a803aa88276572910c075011,0,2025-12-06T00:00:00+00:00,416000000000000000000
0x178a2a3bf75065f08912e891e2ffe24a4b1effcd,0,2025-12-06T00:00:00+00:00,416000000000000000000
0x39d40d8ce8a08430e24829734729c95b051ec6a8,0,2025-12-06T00:00:00+00:00,416000000000000000000
0x2ecaf144f32baf25f35316ad67a5aee985c1c244,0,2025-12-06T00:00:00+00:00,416000000000000000000
0xc70bb1b4aa3986572ab6fe8c3247e613e1d23a3c,0,2025-12-06T00:00:00+00:00,416000000000000000000
0xd529dbedcb38d4501231305c632fa8d857094cb7,0,2025-12-06T00:00:00+00:00,416000000000000000000
0x2c4833eb26e3e41c5c5a3d57ac98a3e96308ece1,0,2025-12-06T00:00:00+00:00,416000000000000000000
0xc48a7cf748d9aae7ef2844a765759ec81294d22d,0,2025-12-06T00:00:00+00:00,416000000000000000000
0xab92056c15fd33e7fc570e09f02e5c0e779eff10,0,2025-12-06T00:00:00+00:00,416000000000000000000
0x143e87b164b054e3dca70a06543836f153805e21,0,2025-12-06T00:00:00+00:00,416000000000000000000
0xb90ad12f148dbffab6d4eaba17a44931ec9cc892,0,2025-12-06T00:00:00+00:00,416000000000000000000
0x25eb4929176986fd7ff574aa3cab25fedbf8252b,0,2025-12-06T00:00:00+00:00,416000000000000000000
0x7bae8a0196036f72629deabe0279122652564eaf,0,2025-12-06T00:00:00+00:00,416000000000000000000
0xb5a9aa0923961ea0a04fd6c8525f2f1451fbe80c,0,2025-12-06T00:00:00+00:00,416000000000000000000
0x95ddf83d9f66db2e3774594adeb4b33259ae92f1,0,2025-12-06T00:00:00+00:00,416000000000000000000
0xdc467f97a4048871b5e3e8fa3549c4a498631e43,0,2025-12-06T00:00:00+00:00,416000000000000000000
0xda622040bd7d981caed80180324598585044442a,0,2025-12-06T00:00:00+00:00,416000000000000000000
0xdc8f60d6493575c77ae6fbb1dfc7c135d0b861cf,0,2025-12-06T00:00:00+00:00,416000000000000000000
0x47027f27ae87ae3641a408f6abcb8d0e1bb77a51,0,2025-12-06T00:00:00+00:00,416000000000000000000
0xf0d7f86b0316e0e57e214ac7a5be4a42becc073d,0,2025-12-06T00:00:00+00:00,416000000000000000000
0x002be4243f82cf982bf4f7772296f49322afdb9c,0,2025-12-06T00:00:00+00:00,416000000000000000000
0xb1a722d7389ff49d9fb68f643eede78e5e0f8152,0,2025-12-06T00:00:00+00:00,416000000000000000000
0x6b77160ef7d0b73e05962ae57533f52f0f13e705,0,2025-12-06T00:00:00+00:00,416000000000000000000
0x84443f61efc60d10da9f9a2398980cd5748394bb,0,2025-12-06T00:00:00+00:00,416000000000000000000
0xb20e5e666ca8b69435995832cc428dd682c32593,0,2025-12-06T00:00:00+00:00,416000000000000000000
0x4c1cfb35e7152911d04c4a5eaf19de44eaa530e8,0,2025-12-06T00:00:00+00:00,416000000000000000000
0xdb6098871faf51565e59eb7dfb65a1b3b5c8866e,0,2025-12-06T00:00:00+00:00,416000000000000000000
0x3beebb2eb8f30c89d522c3f6a0a7e46ce5f686fe,0,2025-12-06T00:00:00+00:00,416000000000000000000
0x2a3ee631e1431b3d99f4f75635cb7947856ed7f5,0,2025-12-06T00:00:00+00:00,416000000000000000000
0xf74a9d91c33817c0ae0232aad9c0e65e96290c3a,0,2025-12-06T00:00:00+00:00,416000000000000000000
0xe30497f7a8e98546755b11783034fa1314458231,0,2025-12-06T00:00:00+00:00,416000000000000000000
0xa74c63f8b09f922408bbfb3ceb3b66a411350ec4,0,2025-12-06T00:00:00+00:00,416000000000000000000
0xe3b736f6c1f5f64eadd0cd577a92a4b7e058403d,0,2025-12-06T00:00:00+00:00,416000000000000000000
0xeaa9924504b1bac8668dfa58e1d2182c2d76314c,0,2025-12-06T00:00:00+00:00,416000000000000000000
0xefac6d8a4dd33af3bae99dddccb11f6db91a602b,0,2025-12-06T00:00:00+00:00,416000000000000000000
0x14a3b36a41852b61eead7ba3a383044d6365394e,0,2025-12-06T00:00:00+00:00,416000000000000000000
0xe4d99505112976d49cf76ec2564d9ec1bdf2ae8a,0,2025-12-06T00:00:00+00:00,416000000000000000000
0x346bebd9c5224988d5489206b85382e43c9f1b41,0,2025-12-06T00:00:00+00:00,416000000000000000000
0x61591f8cee22574d49391260053bff688a0bfa40,0,2025-12-06T00:00:00+00:00,416000000000000000000
0x2174c18d3306cef18bd3a69727aec89180955a0f,0,2025-12-06T00:00:00+00:00,416000000000000000000
0x31124f6124f3e5b44e5c56c44383a21490e7426d,0,2025-12-06T00:00:00+00:00,416000000000000000000
0xabd238fa6b6042438fbd22e7d398199080b4224c,0,2025-12-06T00:00:00+00:00,416000000000000000000
0x7d3c2f55030ae4852945274cfb5ae2074af5a05e,0,2025-12-06T00:00:00+00:00,416000000000000000000
0x58438d9e6f53cfaaeacbbe6cae29b29eeb6922a1,0,2025-12-06T00:00:00+00:00,416000000000000000000
0x6acf739aaf428aafae72029041a882b6c39bbae7,0,2025-12-06T00:00:00+00:00,416000000000000000000
0xc094cb73861222b7061ad9fa1dedfbfd14d625b8,0,2025-12-06T00:00:00+00:00,416000000000000000000
0x4faf8b61c3b4e983867713cb0812b634ed38f6b2,0,2025-12-06T00:00:00+00:00,416000000000000000000
0x1cf7780310e22720f58a4b0923045d5b426c5994,0,2025-12-06T00:00:00+00:00,416000000000000000000
0x89db9b7c9801793c0974633da04daca0519d919d,0,2025-12-06T00:00:00+00:00,416000000000000000000
0xb00c2ee51e800e3997f58bd17a2ca993d1cb0433,0,2025-12-06T00:00:00+00:00,416000000000000000000
0x85c81a0b3b2797a8ca36587addc752dc6f9e6032,0,2025-12-06T00:00:00+00:00,416000000000000000000
0xedccd895c64dc76b697cf961b1a203e921ef0c83,0,2025-12-06T00:00:00+00:00,416000000000000000000
0xaee56c9f8037670ad39b49e368591d7d756b56a9,0,2025-12-06T00:00:00+00:00,416000000000000000000
0x1b4d109711c8b18d96b2a559135f1d4604ff7b44,0,2025-12-06T00:00:00+00:00,416000000000000000000
0x02de2cab1a39a7e5aa01b229a196a604d4d4b39f,0,2025-12-06T00:00:00+00:00,416000000000000000000
0x40baf4dad8cfdec89a00ef0782ce0d49cd14fd07,0,2025-12-06T00:00:00+00:00,416000000000000000000
0x4a12531e5a78c48570b544049f449c57f3c68b8e,0,2025-12-06T00:00:00+00:00,416000000000000000000
0x45bc3a526dcadba4649466e6c890ff168aeeb55a,0,2025-12-06T00:00:00+00:00,416000000000000000000
0x9baf0c9e74fd2a7faf3e2c0b93c2835fc10fb367,0,2025-12-06T00:00:00+00:00,416000000000000000000
0x2fe4652306bdc3b707ffeba3a23442522784e668,0,2025-12-06T00:00:00+00:00,416000000000000000000
0x80aa1a4093da528fb4937bae3a139dc980da7de7,0,2025-12-06T00:00:00+00:00,416000000000000000000
0x6ee73c4d8f165f88f20ca2fd2c63d5d039cd0f63,0,2025-12-06T00:00:00+00:00,416000000000000000000
0x5dffd5527551888c2ac47f799c4dc8e830decee7,0,2025-12-06T00:00:00+00:00,416000000000000000000
0x8675b754342754a30a2aef474d114d8460bca19b,0,2025-12-06T00:00:00+00:00,416000000000000000000
0x1666a3d2d9132a5b56adffe4f8a36340715359b0,0,2025-12-06T00:00:00+00:00,416000000000000000000
0xae6ddcf65b2516081efed15e67cd7507b8f3f42d,0,2025-12-06T00:00:00+00:00,416000000000000000000
0x23a5d8707cbe7ac2cbf243a8dfeb42e5554bf821,0,2025-12-06T00:00:00+00:00,416000000000000000000
0x56f1ea622b3c67dcdfde7dcd5540e4a48fadb41c,0,2025-12-06T00:00:00+00:00,416000000000000000000
0x84d5922ff253e7287b642091f5803df28a7e39aa,0,2025-12-06T00:00:00+00:00,416000000000000000000
0x887d69a7b3dd3e36d7c56556d2df24ee117474f2,0,2025-12-06T00:00:00+00:00,416000000000000000000
0x92d3755d0f6ecc812c64afecc7b12072fcf304fa,0,2025-12-06T00:00:00+00:00,416000000000000000000
0xa38165e0b944eb6977beb81f50e86b2d90836892,0,2025-12-06T00:00:00+00:00,416000000000000000000
0xad270f9105bf6a2ceea86685715d95e9726eaf44,0,2025-12-06T00:00:00+00:00,416000000000000000000
0x10c102fd2141e852a86d5e8ef022394e1e266cba,0,2025-12-06T00:00:00+00:00,416000000000000000000
0x89c5d54c979f682f40b73a9fc39f338c88b434c6,0,2025-12-06T00:00:00+00:00,416000000000000000000
0x1413f5c882eff099a819591d2a5f4535bd5fe683,0,2025-12-06T00:00:00+00:00,416000000000000000000
0x6e1591d57ab0581482d7d30e93d1dbb56c9287fb,0,2025-12-06T00:00:00+00:00,416000000000000000000
0x3987b733564df16f88bc0540d00ce4c562caa1d4,0,2025-12-06T00:00:00+00:00,416000000000000000000
0x3b94a91f56b4f65a19084498713a6080c376a78e,0,2025-12-06T00:00:00+00:00,416000000000000000000
0xdaf2beb54cf083162be123d1a441a7cf050ef0ce,0,2025-12-06T00:00:00+00:00,416000000000000000000
0x5c050c42858e08002b1c254898dededebaee9a97,0,2025-12-06T00:00:00+00:00,416000000000000000000
0x962e6ca8b27d616aa56077fd0c66565e48371144,0,2025-12-06T00:00:00+00:00,416000000000000000000
0x5c59d768c18e78c52d9f3dbaa9018d96437da756,0,2025-12-06T00:00:00+00:00,416000000000000000000
0x47c491ca5f0026e4747769b7a076b67fed758060,0,2025-12-06T00:00:00+00:00,416000000000000000000
0x47e3f033877a9a8ac49b72ecfe9368a664e4cc5d,0,2025-12-06T00:00:00+00:00,416000000000000000000
0x1bbab2bad0db7fc9bafc0a36235a6bbfc137e284,0,2025-12-06T00:00:00+00:00,416000000000000000000
0xe38a4d1efe36679af8ea27ab4e72657d6e8ac0ab,0,2025-12-06T00:00:00+00:00,416000000000000000000
0x59210f7cd598ee230e6412a350807536cd2dca97,0,2025-12-06T00:00:00+00:00,416000000000000000000
0x03265f1b43a3a631b1dac557dccdeff6885be43e,0,2025-12-06T00:00:00+00:00,416000000000000000000
0x3b9fd260a0d90335b5c64b7259099408a79c1e99,0,2025-12-06T00:00:00+00:00,416000000000000000000
0xe44474a2af2483037b57df725da04fb56fe0a115,0,2025-12-06T00:00:00+00:00,416000000000000000000
0x9969367df5feed5666e6aee2226d279d0af2bf62,0,2025-12-06T00:00:00+00:00,416000000000000000000
0x485da3718a997638d4056b388de484164dcae15d,0,2025-12-06T00:00:00+00:00,416000000000000000000
0xa5344ae5b1c141e3105b0b0a63549aa01255e63c,0,2025-12-06T00:00:00+00:00,416000000000000000000
0xcdad1dca4abd164153978fc7fbf2a686e37578e0,0,2025-12-06T00:00:00+00:00,416000000000000000000
0x9a77d9b94918df0cbfbeb6654cd4e96e32df5a43,0,2025-12-06T00:00:00+00:00,416000000000000000000
0x297ad1ba8507bcae02c41a9368475c49682b7d6c,0,2025-12-06T00:00:00+00:00,416000000000000000000
0x76d0ab28e161c5dca7eda8099fb58a5bb1227249,0,2025-12-06T00:00:00+00:00,416000000000000000000
0x5de5c65fa607877fe6dcb81c88a0186ec56711d8,0,2025-12-06T00:00:00+00:00,416000000000000000000
0x29cabff6fb9bc228488f4b2f293b2727cee9ff5a,0,2025-12-06T00:00:00+00:00,416000000000000000000
0xee894840c125fbaa037cfee778dd59fd894428c4,0,2025-12-06T00:00:00+00:00,416000000000000000000
0xb5bca00745b910f6eea216ee8690ccdb1a349b49,0,2025-12-06T00:00:00+00:00,416000000000000000000
0xb377b5c267ed75d3350c710e515f9d465907b1f7,0,2025-12-06T00:00:00+00:00,416000000000000000000
0x0d7eba1e3fe77ea9752e47fa8ffffaf92d1c763c,0,2025-12-06T00:00:00+00:00,416000000000000000000
0x8daceba488c21bc6a8045b42c0bbe4f6f9989631,0,2025-12-06T00:00:00+00:00,416000000000000000000
0x22b0c52032fae6a3fdcf824743ee273675514367,0,2025-12-06T00:00:00+00:00,416000000000000000000
0xd29c69700b322dab598d626871e5dd0951f42dbd,0,2025-12-06T00:00:00+00:00,416000000000000000000
0x306dfc1dc548f1db08d8f02f9a016f70af5a874a,0,2025-12-06T00:00:00+00:00,416000000000000000000
0x48bff3491d185bbb3a81ee41c03888d1e8035f5a,0,2025-12-06T00:00:00+00:00,416000000000000000000
0xd3bc5a379067cecdc41d335782ca72e1df378883,0,2025-12-06T00:00:00+00:00,416000000000000000000
0xccffdbc38b1463847509dcd95e0d9aaf54d1c167,0,2025-12-06T00:00:00+00:00,416000000000000000000
0xef0164434d9d4439fd75389fe1d93a78f78c44dd,0,2025-12-06T00:00:00+00:00,416000000000000000000
0x723f9559e93f6e65bf8b9dde7f2e83df1649b8fe,0,2025-12-06T00:00:00+00:00,416000000000000000000
0xf1a285d274658c11e26c9f1b358e621f011a82dc,0,2025-12-06T00:00:00+00:00,416000000000000000000
0xea3bbe499d6f7a730361ef341bed1ad0f9815eea,0,2025-12-06T00:00:00+00:00,416000000000000000000
0xaa7fa66b5c704d9949a5f5c6c7ecb94c9059bb0c,0,2025-12-06T00:00:00+00:00,416000000000000000000
0x99ae5626070750dc472fa0a6674db7ac2c40e42f,0,2025-12-06T00:00:00+00:00,416000000000000000000
0xaed06f2349785c04f76ecdc40a8474c9866057da,0,2025-12-06T00:00:00+00:00,416000000000000000000
0xa8d24dbc5a4fee6d5b5e515a29acb5ed211c56d1,0,2025-12-06T00:00:00+00:00,416000000000000000000
0xd01071ed110351e312ee911e13c231b463416a05,0,2025-12-06T00:00:00+00:00,416000000000000000000
0x19f4494bef0bf52b553033f571c8078c1c45dc94,0,2025-12-06T00:00:00+00:00,416000000000000000000
0xcfa8d2908023518f5500314cac6e15c39f7bf145,0,2025-12-06T00:00:00+00:00,416000000000000000000
0x5013e63de0fcecb2d3473e33e19d9ce8c75756b0,0,2025-12-06T00:00:00+00:00,416000000000000000000
0x429e0332f163806169a739ad2b14bbad1ac49031,0,2025-12-06T00:00:00+00:00,416000000000000000000
0x5ff9d6997dfddcbd19842332aaa66d8ef7440832,0,2025-12-06T00:00:00+00:00,416000000000000000000
0xbda1d8154861abd7ab44f7145e02c472aa44b9c5,0,2025-12-06T00:00:00+00:00,416000000000000000000
0xe0fbbdfabaa46942d46dcf2969324cc296a12d50,0,2025-12-06T00:00:00+00:00,416000000000000000000
0x3617dad23ef6d324656539500be4c2f987522592,0,2025-12-06T00:00:00+00:00,416000000000000000000
0x368d7a7de3a8ddf884fe0a6b2091041193b68464,0,2025-12-06T00:00:00+00:00,416000000000000000000
0x428ba947dd2ad7e6c8906cd4f2e15cba12c9edf2,0,2025-12-06T00:00:00+00:00,416000000000000000000
0xa55e3206dacc311b81aeddebe0ad085e3ceaad34,0,2025-12-06T00:00:00+00:00,416000000000000000000
0x29a907853c5780f8102facd0e856d1173d34dd9d,0,2025-12-06T00:00:00+00:00,416000000000000000000
0xe69c0f76c8730e1300181a9e9e425ff028a4f492,0,2025-12-06T00:00:00+00:00,416000000000000000000
0xc16cd607459d398cb8612c53f7aa5cbbbc477669,0,2025-12-06T00:00:00+00:00,416000000000000000000
0xde82a786b8b5dab78e164460aeb451085d5892f4,0,2025-12-06T00:00:00+00:00,416000000000000000000
0x7df9a4d2a504eb0953cc6a253e3b88fa504531e3,0,2025-12-06T00:00:00+00:00,416000000000000000000
0x936c1ae02e0d48d27540e6749b85d16d0025c56d,0,2025-12-06T00:00:00+00:00,416000000000000000000
0xdecf59d41867414284295b18a7f2224e407547c1,0,2025-12-06T00:00:00+00:00,416000000000000000000
0x5003915710764012476bb668c3bfe46c93bd2c82,0,2025-12-06T00:00:00+00:00,416000000000000000000
0x3d98562e6b72e3d29c76439aa70a1cf2af95e73f,0,2025-12-06T00:00:00+00:00,416000000000000000000
0x77c07e7cd9468d8c28ec77173c547e9ab2ff7448,0,2025-12-06T00:00:00+00:00,416000000000000000000
0xd7a31a2c589949c239c7172b3cb5e0fd60447c75,0,2025-12-06T00:00:00+00:00,416000000000000000000
0x9ba52109eda0b6afb60f0c98265a7457d1b47763,0,2025-12-06T00:00:00+00:00,416000000000000000000
0xc9fcc7fc578f993646d2e269d5e2e03009795faf,0,2025-12-06T00:00:00+00:00,416000000000000000000
0xaa89a5ce48513417dd0e63f269b786d8dbc5768f,0,2025-12-06T00:00:00+00:00,416000000000000000000
0xf6a51621601af9b5a88ee344f8d3fd71b06be8f9,0,2025-12-06T00:00:00+00:00,416000000000000000000
0x82d4279e79e7dc64f2a29540d274aae0a17ea49d,0,2025-12-06T00:00:00+00:00,416000000000000000000
0x3c187f27854fdf835eb0d9055677241243f4068a,0,2025-12-06T00:00:00+00:00,416000000000000000000
0x4ef5aec07bf5fefa1f2b7cac5dda6635c272c329,0,2025-12-06T00:00:00+00:00,416000000000000000000
0xcc1f1e621fed27ad621636ddb9174d5e453117ea,0,2025-12-06T00:00:00+00:00,416000000000000000000
0x2a42217e3e9f6acd230145dcd7c4e929176dce2c,0,2025-12-06T00:00:00+00:00,416000000000000000000
0xc126f092483f6c6250c94551ddda87d40f3c4798,0,2025-12-06T00:00:00+00:00,416000000000000000000
0x79de3197eb17405017a4223c263e7a6638d2ca58,0,2025-12-06T00:00:00+00:00,416000000000000000000
0xcbd200f875bfb987540f6757072484e7fe6cf616,0,2025-12-06T00:00:00+00:00,416000000000000000000
0xe09a7a92e9cef104da10aae7c7f914f9ba72b2b9,0,2025-12-06T00:00:00+00:00,416000000000000000000
0xdbfc736826e27b58c79ba1d94ad33558cd401fd2,0,2025-12-06T00:00:00+00:00,416000000000000000000
0xb147f95c4da54381f83fb412a7b5c433fd220894,0,2025-12-06T00:00:00+00:00,416000000000000000000
0xbe3a9fdfc5512abfd7ef9ef9edd946b5f460402e,0,2025-12-06T00:00:00+00:00,416000000000000000000
0x3853cd433340cfe33f10cb542dbcf29ba78e1b6f,0,2025-12-06T00:00:00+00:00,416000000000000000000
0x5fc3789cbc3fbeacf38c614c3c266b957cd014c1,0,2025-12-06T00:00:00+00:00,416000000000000000000
0x863803982b371a16c03085542e49f42ed4b628b3,0,2025-12-06T00:00:00+00:00,416000000000000000000
0xe3b14bedc74000fc1fe0a516d381d91d86a2b90e,0,2025-12-06T00:00:00+00:00,416000000000000000000
0x23edbbee653acc4c38e91cc83fb00f45c24018e4,0,2025-12-06T00:00:00+00:00,416000000000000000000
0xfb5e47378a256730c5c013fee1e2aef8e146e844,0,2025-12-06T00:00:00+00:00,416000000000000000000
0x656d7e5b1f9d3c2d79a7c0660262509ba826f0d8,0,2025-12-06T00:00:00+00:00,416000000000000000000
0x555652e9647ee619de239b69ea2557f03f86323f,0,2025-12-06T00:00:00+00:00,416000000000000000000
0xfb5d4984e47fcc8db78b398ba35f5e612b9f6ec6,0,2025-12-06T00:00:00+00:00,416000000000000000000
0x67f35705e07c8e6d38257075d8e10cff9dce4262,0,2025-12-06T00:00:00+00:00,416000000000000000000
0xa76c44d0add77f9403715d8b6f47ad4e6515ec8c,0,2025-12-06T00:00:00+00:00,416000000000000000000
0x953044e85efcf894bce94a9b942a2ee0760beffb,0,2025-12-06T00:00:00+00:00,416000000000000000000
0x0a3dfe7adce5d68af26aa9d47eec684b38be1a88,0,2025-12-06T00:00:00+00:00,416000000000000000000
0x29ea9785a958109dc59967d9da4853d64672e196,0,2025-12-06T00:00:00+00:00,416000000000000000000
0x72ade977b99c37b86912348c0db87ad03466c59a,0,2025-12-06T00:00:00+00:00,416000000000000000000
0x83f04065617949f541e9ec1c7ca0104c5febfcaf,0,2025-12-06T00:00:00+00:00,416000000000000000000
0xd299811977273a332f6552dd6c74ba3ad1fc68cd,0,2025-12-06T00:00:00+00:00,416000000000000000000
0x1c8526d7b0f9b6b24efeae8f21a97e73f4d4bec2,0,2025-12-06T00:00:00+00:00,416000000000000000000
0xa507c638077e35c32507afa961d123258400aeb6,0,2025-12-06T00:00:00+00:00,416000000000000000000
0x38dd0740a3e956b10d3c3eefb734cead84e694ce,0,2025-12-06T00:00:00+00:00,416000000000000000000
0x397334f7f7d166092f2fd781354e874795bbca3d,0,2025-12-06T00:00:00+00:00,416000000000000000000
0xfc9527b817842e15ad11853012175f715d5a45d2,0,2025-12-06T00:00:00+00:00,416000000000000000000
0xcc9be229ad327e97ed87691e5f3ee2f58a243a5a,0,2025-12-06T00:00:00+00:00,416000000000000000000
0x25bbad322416d1ddfdf7615aa8b202a1da569ffe,0,2025-12-06T00:00:00+00:00,416000000000000000000
0xb3482f5f1ff20ed530e27f253e1fced94b72541e,0,2025-12-06T00:00:00+00:00,416000000000000000000
0xcb132fc4b6f56c29a5b4330eeed720b494933cc3,0,2025-12-06T00:00:00+00:00,416000000000000000000
0xf6177d0e53b6ce9b7d923c92d527219aca58ac1e,0,2025-12-06T00:00:00+00:00,416000000000000000000
0xbf6cdb63954826a7788ccdc4e4bd57c68dae6b4a,0,2025-12-06T00:00:00+00:00,416000000000000000000
0xa77de01e157f9f57c7c4a326eee9c4874d0598b6,0,2025-12-06T00:00:00+00:00,416000000000000000000
0x578ad26d21d9ac4fb66ff2025dfad645f0df0308,0,2025-12-06T00:00:00+00:00,416000000000000000000
0x4bfa88297767399a3632ea434dbf92d921d506ac,0,2025-12-06T00:00:00+00:00,416000000000000000000
0xbb7564df711294cc6ca15904bb88115d99de90b6,0,2025-12-06T00:00:00+00:00,416000000000000000000
0x2a369c29324845dac904a0d44d9294d53679a0b9,0,2025-12-06T00:00:00+00:00,416000000000000000000
0xd099836ed8b2fa598d5478c19deabd995be0650f,0,2025-12-06T00:00:00+00:00,416000000000000000000
0x2357e572d36488bd72bc177c585e86bc1ccb1c69,0,2025-12-06T00:00:00+00:00,416000000000000000000
0x5d74d4f393bf74c5b5ea689c619fbc9a1deab4dd,0,2025-12-06T00:00:00+00:00,416000000000000000000
0x628638f044e2cc90060df387c93e9aaca4f81d43,0,2025-12-06T00:00:00+00:00,416000000000000000000
0x31d6b97a5bc05a97106c987d537dd1893858093a,0,2025-12-06T00:00:00+00:00,416000000000000000000
0x6f25c6e9f71f7bae8502708467c91621c951cce9,0,2025-12-06T00:00:00+00:00,416000000000000000000
0xb39023c5e32ebe9630121394e305fa2176af13ac,0,2025-12-06T00:00:00+00:00,416000000000000000000
0xf977d79e952de7f2f333027fb83a09c98994124a,0,2025-12-06T00:00:00+00:00,416000000000000000000
0x37754b4ca69b9852e65a4d47677c66add7ed778a,0,2025-12-06T00:00:00+00:00,416000000000000000000
0x020e44d4306a61fc1c13238f4f3a332a27bebe5c,0,2025-12-06T00:00:00+00:00,416000000000000000000
0xa1288a2d16a2bdc4886d4fc2799c117fb6aea9d5,0,2025-12-06T00:00:00+00:00,416000000000000000000
0xe5880e0852231cc8df7bc4048d9e462e57856dec,0,2025-12-06T00:00:00+00:00,416000000000000000000
0x5bea88d0eb7035e45bcd908e199aa0b5d9f3144d,0,2025-12-06T00:00:00+00:00,416000000000000000000
0x95456b16dbde0fe06ed47b7164deeb161de55654,0,2025-12-06T00:00:00+00:00,416000000000000000000
0xd5d679bcfd5dc45072731f7949a490c6c201607e,0,2025-12-06T00:00:00+00:00,416000000000000000000
0x04eaeb8752460e19ab56512b04d74cdcdc1c77e9,0,2025-12-06T00:00:00+00:00,416000000000000000000
0x97aa2a79c0141c815261d37424aa7df61b3a6838,0,2025-12-06T00:00:00+00:00,416000000000000000000
0x2fdde79e8265dc1a5cdb3e13ebb225235c119f8c,0,2025-12-06T00:00:00+00:00,416000000000000000000
0xf83d510b75ef9e4a39454c97983d4f6e8fdb6109,0,2025-12-06T00:00:00+00:00,416000000000000000000
0xe924241dd5383d8e52ce89d74167935c1db9d56f,0,2025-12-06T00:00:00+00:00,416000000000000000000
0xbcf1e29d5ac3208f8c9da744c84cd90791a62ff4,0,2025-12-06T00:00:00+00:00,416000000000000000000
0x56bad133353b32acce4ddb33d5a7eae5c236cde3,0,2025-12-06T00:00:00+00:00,416000000000000000000
0x26750e49fa70215dac6e659233a5684c0ebf53bf,0,2025-12-06T00:00:00+00:00,416000000000000000000
0x1aef74b8f206ebfad47ad505f22ab32795c737d8,0,2025-12-06T00:00:00+00:00,416000000000000000000
0x9173e58925ad5b34464df645b0e1d996f0ff8088,0,2025-12-06T00:00:00+00:00,416000000000000000000
0x21cb06372fa5ea9e60ef68c1edb96289162c9283,0,2025-12-06T00:00:00+00:00,416000000000000000000
0xfb0e31b422e606ca996e4415243ebf15c2e5535e,0,2025-12-06T00:00:00+00:00,416000000000000000000
0xebe918a842b5ad9439f4748ebd962d5b8cce9e92,0,2025-12-06T00:00:00+00:00,416000000000000000000
0x9d1e6a21ca6d9d0eb844fdbdae6f203643aa2451,0,2025-12-06T00:00:00+00:00,416000000000000000000
0x363d1294abce00767361ec4efc0046e1e35e7a69,0,2025-12-06T00:00:00+00:00,416000000000000000000
0xd79ebacb73881bde1c88e00618bf58d88095b1f0,0,2025-12-06T00:00:00+00:00,416000000000000000000
0xdc0e0f00cdc14ba3192d0c5487cea6278b088346,0,2025-12-06T00:00:00+00:00,416000000000000000000
0xe2ae0cc831891854ea4c33444149067e5c6a30a3,0,2025-12-06T00:00:00+00:00,416000000000000000000
0xf751c705911ef3f34183d3d330d52e95bb38453d,0,2025-12-06T00:00:00+00:00,416000000000000000000
0xfa46487b4777269dd3749e73b2189352556a705a,0,2025-12-06T00:00:00+00:00,416000000000000000000
0x35b769e5f6f31d32ef780ff595eb42ae756e9d8e,0,2025-12-06T00:00:00+00:00,416000000000000000000
0x77629d97e03adc3ab8e3c952a23a216803650680,0,2025-12-06T00:00:00+00:00,416000000000000000000
0xbd998c29fb2aff91650d6471c582fe79f9bf45b1,0,2025-12-06T00:00:00+00:00,416000000000000000000
0xb4ac2042eb033f45ddcf030504e70d3b4195df57,0,2025-12-06T00:00:00+00:00,416000000000000000000
0xdcae7fb508b364ee82c30c7e38c530f0eaf73dee,0,2025-12-06T00:00:00+00:00,416000000000000000000
0x0044d698143903008c16f6939bb2db48b9ca171f,0,2025-12-06T00:00:00+00:00,416000000000000000000
0xb5541a7a545080b01d6a107a6a09067de18e25b5,0,2025-12-06T00:00:00+00:00,416000000000000000000
0x75c0f4bfa591f961d85aabe41659aabea507356f,0,2025-12-06T00:00:00+00:00,416000000000000000000
0x166735a63be4d8b500d5c6554be005921621c3b3,0,2025-12-06T00:00:00+00:00,416000000000000000000
0x2174b3bc715fdfa3f8a8bebb3d939cc1624484ee,0,2025-12-06T00:00:00+00:00,416000000000000000000
0x3f34f547d2a73a33eb3239288637c27a28d751ba,0,2025-12-06T00:00:00+00:00,416000000000000000000
0xf7946cbbd0cebe30dc3244994c13ff120d3c1112,0,2025-12-06T00:00:00+00:00,416000000000000000000
0x213d46cd982df571c4001b513f0ca42469af2245,0,2025-12-06T00:00:00+00:00,416000000000000000000
0xaeeb43c91f306d1583817536ec12e112d8cbae4f,0,2025-12-06T00:00:00+00:00,416000000000000000000
0x0a90f04953be0368d3239b99bf05d02efbcd5f3c,0,2025-12-06T00:00:00+00:00,416000000000000000000
0x3faa60548a677a1fd0117f397a9b60953135f99e,0,2025-12-06T00:00:00+00:00,416000000000000000000
0x38a0764ff169ce481459c3c53361cef41cb4c005,0,2025-12-06T00:00:00+00:00,416000000000000000000
0x569020f7f77159aa6c931fbdc674729e2e9cd576,0,2025-12-06T00:00:00+00:00,416000000000000000000
0xcc8a405ff8aeb274662c2f0a8746a36d26115251,0,2025-12-06T00:00:00+00:00,416000000000000000000
0x8f44378b7bd2ac606b7b7472c7eb9e485abbc8c9,0,2025-12-06T00:00:00+00:00,416000000000000000000
0x1e14b35770143133838872eac816e5fa20e9b304,0,2025-12-06T00:00:00+00:00,416000000000000000000
0x731bf32e20d1c5475dc85d742d4fd72faf43b889,0,2025-12-06T00:00:00+00:00,416000000000000000000
0xd88b491d539f735ed748d6d59f1c9495af29a255,0,2025-12-06T00:00:00+00:00,416000000000000000000
0x78c1d49d983972421df06ebd187f6f9dd1bba1df,0,2025-12-06T00:00:00+00:00,416000000000000000000
0x1ec77c77ca69e685be53932683a56eef716a6fde,0,2025-12-06T00:00:00+00:00,416000000000000000000
0x768e8f94a020e962a3d665766e68b82d95cd58bd,0,2025-12-06T00:00:00+00:00,416000000000000000000
0xa74b6e66ae8c9dba428b92722854877445b3145d,0,2025-12-06T00:00:00+00:00,416000000000000000000
0x4af5b47531ead1288da47044b8c1c9c0863e4a60,0,2025-12-06T00:00:00+00:00,416000000000000000000
0x40950989e18e136091f140b67023ca831d89c24e,0,2025-12-06T00:00:00+00:00,416000000000000000000
0x2ba8f33407dcb18aabed00c8b92e3fa6ee9e5bca,0,2025-12-06T00:00:00+00:00,416000000000000000000
0x2181020139269c3ea95395ea8454553783057bdf,0,2025-12-06T00:00:00+00:00,416000000000000000000
0x64836e7352813d35ed8a411da7d80687924bd166,0,2025-12-06T00:00:00+00:00,416000000000000000000
0x23f2671120beea646e1ffce9f5fd6ce95ef346a7,0,2025-12-06T00:00:00+00:00,416000000000000000000
0x3978d6f3c103e10dd44f91152e8e92a8cc7a7234,0,2025-12-06T00:00:00+00:00,416000000000000000000
0x8480ef5b459f42aa6eb29aa5582cb61372847991,0,2025-12-06T00:00:00+00:00,416000000000000000000
0x61e2824d1e942044ada0bb72a9fbbbf090268011,0,2025-12-06T00:00:00+00:00,416000000000000000000
0x7e2ad0bf320383f2fade494235108ed9fbd85c1f,0,2025-12-06T00:00:00+00:00,416000000000000000000
0xb11365d685c43816da4b9753323f042889a6e456,0,2025-12-06T00:00:00+00:00,416000000000000000000
0xc4afcf28ee3c1f8e1184ce0f347a686fc18b739c,0,2025-12-06T00:00:00+00:00,416000000000000000000
0xdaeba134cc5a2a60a2e73bd5f7ed646fecfe513a,0,2025-12-06T00:00:00+00:00,416000000000000000000
0xfbbae427b83401e4bbaba2857fc2ca625fe04111,0,2025-12-06T00:00:00+00:00,416000000000000000000
0x7701f8e86ba7dfca1a59489471fce5961ef23b4e,0,2025-12-06T00:00:00+00:00,416000000000000000000
0xe483dc710449c4e8183d7ee51971bcb43e3aa821,0,2025-12-06T00:00:00+00:00,416000000000000000000
0x9420b39302739cb25106c5d6384cc4f73d252c28,0,2025-12-06T00:00:00+00:00,416000000000000000000
0xf8ed51939137a730a0cbd76247c058855e036210,0,2025-12-06T00:00:00+00:00,416000000000000000000
0x2e9f9dbef9d5abbd30de2bd64f9b29d1caf17669,0,2025-12-06T00:00:00+00:00,416000000000000000000
0xbd19e3e4a8cebff26df6b36ef762977b22d2c7f9,0,2025-12-06T00:00:00+00:00,416000000000000000000
0x16d8656ef689428ccde33c00d9697865dfd0eb2a,0,2025-12-06T00:00:00+00:00,416000000000000000000
0x947130105e2aa64d06958016faeeb886ded10f11,0,2025-12-06T00:00:00+00:00,416000000000000000000
0xef423da959a473911935d3009f703f26464828c0,0,2025-12-06T00:00:00+00:00,416000000000000000000
0xa8870ed96665da66dcf7024f0ef04a4a86d31b57,0,2025-12-06T00:00:00+00:00,416000000000000000000
0x07086d62ea84c824e64cab7cf20584237855f419,0,2025-12-06T00:00:00+00:00,416000000000000000000
0xf882a4f1ad00325ae3599c5d032dcf3cba87b44c,0,2025-12-06T00:00:00+00:00,416000000000000000000
0x8a501f3385c6fc63a7cbd356c20204d03de2ee2f,0,2025-12-06T00:00:00+00:00,416000000000000000000
0xd41cfeeab5338ce105bce09c8371bbdcfd460b16,0,2025-12-06T00:00:00+00:00,416000000000000000000
0xe3b04cff8cbb459dbc1f6b76ab09831c764ed37b,0,2025-12-06T00:00:00+00:00,416000000000000000000
0x913a7a3ae8351fe86b585b5827536ecb650933f3,0,2025-12-06T00:00:00+00:00,416000000000000000000
0xe424e566bfc3f7addffb17862637dd61e2da3be2,0,2025-12-06T00:00:00+00:00,416000000000000000000
0x40591aa2b172a0d11f43d7df7ba69f58a1d0c4f8,0,2025-12-06T00:00:00+00:00,416000000000000000000
0x9b2f96d96f12555b0b7c1ef29dac1328bb09788f,0,2025-12-06T00:00:00+00:00,416000000000000000000
0xb5a861ccb0a51a2370914c70a4158bcf6a3162f1,0,2025-12-06T00:00:00+00:00,416000000000000000000
0xdc30e2683cb3c91a592c03f62ecc3ec0aef7b56a,0,2025-12-06T00:00:00+00:00,416000000000000000000
0xda7c94dc7bdf0027f39d550d8e6d6db30628fad0,0,2025-12-06T00:00:00+00:00,416000000000000000000
0xf07842e27c05f8f4a98b858fad9f4203a2c248aa,0,2025-12-06T00:00:00+00:00,416000000000000000000
0x951b3543a713179122d9b9371a876f7fd2433ce7,0,2025-12-06T00:00:00+00:00,416000000000000000000
0x16f52033882837961eb253d1a0de28c6996beeef,0,2025-12-06T00:00:00+00:00,416000000000000000000
0x0416703a3e224ee0520c20dc573a345001fff054,0,2025-12-06T00:00:00+00:00,416000000000000000000
0xd31c0df4981ef165d98abe7b0d2a804c2f31e489,0,2025-12-06T00:00:00+00:00,416000000000000000000
0x699dc71d975007e57397cfd8de61440f9f4accd7,0,2025-12-06T00:00:00+00:00,416000000000000000000
0x01c439abc0bb34d3cc10279e150cde4afda19642,0,2025-12-06T00:00:00+00:00,416000000000000000000
0x82acf2e3bee49d91928e475d35f378f74bc7af63,0,2025-12-06T00:00:00+00:00,416000000000000000000
0xb17237074d88274cd594a69ca614f5ed8b41a79b,0,2025-12-06T00:00:00+00:00,416000000000000000000
0xa9e780c71d82dddc48ce5cfb5ea827a7e49d6ee7,0,2025-12-06T00:00:00+00:00,416000000000000000000
0x0849d217d1999775b6026bf4a90b9cea175f8df5,0,2025-12-06T00:00:00+00:00,416000000000000000000
0x6bf9f2dd61b4929c5d5c9f24d7498792694c95b4,0,2025-12-06T00:00:00+00:00,416000000000000000000